date,discharge_cum,water_level_mean,rain_sum,precipitation_mm,precipitation_sum_om,soil_moisture_0_to_7cm_mean
2022-01-24,13351.66,22,0,0.00,0,0.3195001
2022-01-25,13354.52,22,0,0.00,0,0.31854162
2022-01-26,13357.38,22,0,0.00,0,0.3175833
2022-01-27,13360.24,21,0,5.78,0,0.31662497
2022-01-28,13363.09,21,0,0.61,5.899999,0.316
2022-01-29,13365.94,21,0,0.58,0.3,0.3155417
2022-01-30,13368.81,21,0.1,0.99,0.5,0.31500003
2022-01-31,13371.67,21,0.100000024,18.51,14.099999,0.3143334
2022-02-01,13374.63,22,0,16.31,25.200003,0.3140001
2022-02-02,13377.57,22,0.100000024,17.13,27.699997,0.31350014
2022-02-03,13380.55,22,0,0.37,0.3,0.31300008
2022-02-04,13383.53,22,0,2.76,0,0.31237492
2022-02-05,13386.52,22,0,0.00,2.2,0.31149995
2022-02-06,13389.5,22,0,26.10,2.9,0.31062493
2022-02-07,13392.47,22,0.100000024,4.78,26.699999,0.30999997
2022-02-08,13395.45,22,0,0.00,0,0.30999997
2022-02-09,13398.42,22,0,0.00,0,0.30945832
2022-02-10,13401.4,22,0,0.00,0,0.30850002
2022-02-11,13404.38,22,0,6.51,3.1999998,0.30800006
2022-02-12,13407.35,22,0,0.00,0.3,0.30800006
2022-02-13,13410.3,22,0,0.00,0,0.3070834
2022-02-14,13413.22,22,0,1.47,0,0.30700007
2022-02-15,13416.12,22,0,6.77,10.2,0.30700007
2022-02-16,13419,21,0.1,0.56,1.6,0.30787507
2022-02-17,13422.04,22,1.4000001,1.40,3.0000002,0.30791673
2022-02-18,13426.33,25,0,1.01,0,0.31120828
2022-02-19,13430.4,24,0.3,0.35,2.6,0.3060416
2022-02-20,13434.16,23,0,0.00,0,0.30683336
2022-02-21,13437.8,22,0,12.73,5.9,0.3059999
2022-02-22,13441.42,23,0,2.15,5.799999,0.3052083
2022-02-23,13445.04,23,0,5.04,2.1000001,0.30454165
2022-02-24,13448.67,24,0,2.02,0,0.30354163
2022-02-25,13452.3,23,0.3,3.18,3.9999995,0.303
2022-02-26,13455.9,22,0,0.26,2.5999994,0.30266666
2022-02-27,13459.53,22,0,0.00,0,0.303
2022-02-28,13463.15,22,0,0.00,0,0.303
2022-03-01,13466.74,22,0,0.00,0,0.303
2022-03-02,13470.34,22,0,0.00,0,0.3025
2022-03-03,13473.89,22,0,0.00,0,0.30200002
2022-03-04,13477.43,22,0,0.00,0,0.30200002
2022-03-05,13480.98,22,0,0.00,0,0.30200002
2022-03-06,13484.51,22,0,0.00,0,0.30200002
2022-03-07,13487.97,22,0,0.00,0,0.30200002
2022-03-08,13491.43,22,0,0.00,0,0.3013334
2022-03-09,13494.87,21,0,0.00,0,0.3010001
2022-03-10,13498.31,21,0,0.00,0,0.3010001
2022-03-11,13501.76,21,0,0.00,0,0.3010001
2022-03-12,13505.23,20,0,0.00,0,0.3010001
2022-03-13,13508.7,20,0,0.00,0,0.3010001
2022-03-14,13512.17,20,0,0.00,0,0.3010001
2022-03-15,13515.68,21,0.39999998,0.70,1.2,0.30045843
2022-03-16,13519.2,21,0.1,0.00,0.1,0.3354583
2022-03-17,13522.84,22,0.70000005,0.00,0.70000005,0.37858334
2022-03-18,13526.49,23,0.2,0.00,0.2,0.39658335
2022-03-19,13530.15,23,0,0.00,0,0.39525
2022-03-20,13533.78,22,0,0.00,0,0.39479163
2022-03-21,13537.42,22,0,0.00,0,0.39912495
2022-03-22,13541.02,22,0,0.00,0,0.397125
2022-03-23,13544.55,21,0,0.00,0,0.39666668
2022-03-24,13548.03,21,0,0.00,0,0.401875
2022-03-25,13551.58,21,0,0.00,0,0.40750003
2022-03-26,13555.06,21,0,0.00,0,0.41208336
2022-03-27,13558.56,21,0,0.00,0,0.4154167
2022-03-28,13562.07,21,0,0.00,0,0.4157083
2022-03-29,13565.63,21,0,0.00,0,0.41429165
2022-03-30,13569.17,21,0.4,1.18,0.4,0.4153333
2022-03-31,13572.72,21,2.0000002,13.57,4.6000004,0.41591668
2022-04-01,13576.32,23,0,2.15,9.6,0.4019167
2022-04-02,13579.87,22,0.099999994,3.07,6.7999997,0.38958326
2022-04-03,13583.39,22,0,0.59,1.4000002,0.38279164
2022-04-04,13586.85,21,0,0.00,0,0.37812495
2022-04-05,13590.33,21,1.1,4.31,1.5000001,0.3744167
2022-04-06,13593.85,22,2.2999997,12.58,2.6,0.39558336
2022-04-07,13597.61,24,3.8000002,8.28,3.9,0.4165
2022-04-08,13601.29,23,3.7000003,13.39,4.3,0.42362496
2022-04-09,13604.93,22,0.4,2.41,6.1,0.40520835
2022-04-10,13608.55,22,0,2.72,1.9,0.39279172
2022-04-11,13612.11,21,0,0.00,0,0.3864167
2022-04-12,13615.63,21,0,0.00,0,0.39908338
2022-04-13,13619.11,20,0,0.00,0,0.41866663
2022-04-14,13622.55,21,1.6,0.14,1.6,0.42425
2022-04-15,13626.01,22,3.6,11.02,3.6,0.42762497
2022-04-16,13629.44,22,0.6,1.18,1,0.42441666
2022-04-17,13632.82,22,0,0.00,0,0.4110417
2022-04-18,13636.16,22,0,0.00,0,0.4127916
2022-04-19,13639.66,21,0.6,0.15,1.4000001,0.4143333
2022-04-20,13643.23,21,0,0.00,0,0.42087495
2022-04-21,13646.8,21,0,0.00,0,0.42175004
2022-04-22,13650.37,21,0.1,0.00,0.1,0.42266667
2022-04-23,13653.89,21,0.90000004,0.00,0.90000004,0.42420828
2022-04-24,13657.42,21,0.9,18.18,3.7,0.41937503
2022-04-25,13660.9,21,3.6000001,1.19,4.6,0.4232084
2022-04-26,13664.4,21,2.6999998,24.30,5.3,0.41879165
2022-04-27,13668.01,21,0,0.12,1.9000002,0.41354167
2022-04-28,13671.51,21,0,0.00,0,0.40595832
2022-04-29,13674.94,21,0,0.00,0,0.39475003
2022-04-30,13678.42,21,11.799998,7.06,11.999998,0.4023333
2022-05-01,13682.06,22,3.6999998,0.72,8.299999,0.41679168
2022-05-02,13685.82,23,1.6999999,2.20,2.1999998,0.40462503
2022-05-03,13689.59,23,4.7,0.36,4.9,0.404
2022-05-04,13693.43,24,6.5,31.60,7.2000003,0.40345836
2022-05-05,13697.36,25,4.999999,13.29,5.1999993,0.39641666
2022-05-06,13701.77,28,5.999999,29.55,5.999999,0.4115417
2022-05-07,13706.87,32,7.299999,7.35,7.299999,0.42112508
2022-05-08,13711.79,31,3.1000001,0.52,3.1000001,0.41004166
2022-05-09,13716.35,28,2.5,0.00,2.5,0.40283334
2022-05-10,13720.87,27,0.2,0.00,0.2,0.39024997
2022-05-11,13725.17,26,0,0.00,0,0.36537495
2022-05-12,13729.46,26,1.1,0.00,1.1,0.3505833
2022-05-13,13733.79,26,18.699999,10.21,18.699999,0.41045836
2022-05-14,13738.08,26,2.9999998,0.91,2.9999998,0.38095835
2022-05-15,13742.26,25,0,0.00,0,0.37854168
2022-05-16,13746.56,26,11.2,31.92,11.2,0.3915417
2022-05-17,13751.38,28,1,0.00,1,0.39366663
2022-05-18,13755.89,27,0,0.00,0,0.36954165
2022-05-19,13760.22,27,4.7000003,7.52,4.7000003,0.36333334
2022-05-20,13764.65,27,0.2,17.33,0.2,0.37904167
2022-05-21,13769.3,27,2.5999997,1.26,2.5999997,0.38283336
2022-05-22,13773.88,26,2.1,0.00,2.1,0.38204157
2022-05-23,13778.45,26,7.5,38.95,7.5,0.4054167
2022-05-24,13783.82,31,16.2,15.21,16.2,0.40570834
2022-05-25,13790.07,36,11.600001,9.57,11.600001,0.41450003
2022-05-26,13795.52,32,0,0.00,0,0.384375
2022-05-27,13800.54,28,1.9000001,6.92,1.9000001,0.36091673
2022-05-28,13805.28,27,5.4000006,4.01,5.4000006,0.36616668
2022-05-29,13810.02,27,2.6,3.94,7.499999,0.37391663
2022-05-30,13814.73,27,3.9,0.26,3.9,0.37429166
2022-05-31,13819.34,26,4.5,6.83,4.5,0.37495837
2022-06-01,13823.83,26,2.6999998,5.47,2.6999998,0.37974998
2022-06-02,13828.45,26,7.5000005,0.20,7.5000005,0.38804165
2022-06-03,13832.87,26,8.8,1.84,8.8,0.4027917
2022-06-04,13837.27,26,0.2,0.00,0.2,0.3815833
2022-06-05,13841.78,26,8.4,13.88,8.4,0.37775
2022-06-06,13846.7,28,1.1,19.24,1.1,0.3770833
2022-06-07,13852.25,30,25.500002,6.25,25.500002,0.42445835
2022-06-08,13857.76,30,17.7,11.07,17.7,0.41350004
2022-06-09,13864.25,34,14.7,19.31,14.7,0.42962503
2022-06-10,13871.28,36,1.6,0.37,1.6,0.40766668
2022-06-11,13876.37,29,0,0.00,0,0.383
2022-06-12,13880.81,27,0,6.51,0,0.364125
2022-06-13,13885.14,26,4.4999995,4.83,4.4999995,0.38191673
2022-06-14,13889.34,26,0,0.00,0,0.37579164
2022-06-15,13893.34,25,0.70000005,0.00,0.70000005,0.36924997
2022-06-16,13897.77,27,3.4999998,27.39,3.4999998,0.37600002
2022-06-17,13902.26,27,0,0.00,0,0.35825005
2022-06-18,13906.47,26,0,0.00,0,0.331875
2022-06-19,13910.55,25,0,0.00,0,0.31466672
2022-06-20,13914.75,25,9.900001,0.00,9.900001,0.33350003
2022-06-21,13919.07,25,1.5,2.87,1.5,0.32566664
2022-06-22,13923.62,26,1.3000002,2.18,1.3000002,0.3288333
2022-06-23,13928.16,26,0.4,0.92,0.4,0.33687496
2022-06-24,13933,27,10.4,28.84,10.4,0.34920833
2022-06-25,13939.58,34,0,0.00,0,0.36574996
2022-06-26,13944.45,27,0,0.00,0,0.33445832
2022-06-27,13949.07,26,19,37.31,19,0.336375
2022-06-28,13955.94,33,5,10.94,5,0.31899998
2022-06-29,13961.94,30,12.8,0.00,12.8,0.3355417
2022-06-30,13968.37,32,0,21.87,0,0.3599167
2022-07-01,13976.22,37,9.300001,7.59,9.300001,0.35820833
2022-07-02,13982.6,31,0,0.00,0,0.3487917
2022-07-03,13988.13,28,11.6,1.54,11.6,0.36424997
2022-07-04,13993.95,30,7.7000003,26.69,7.7000003,0.34504166
2022-07-05,14000.68,33,2.6999998,1.05,2.6999998,0.3975
2022-07-06,14006.47,30,1.9000003,0.00,1.9000003,0.37770832
2022-07-07,14011.98,29,16.4,26.20,16.4,0.39450002
2022-07-08,14017.9,30,6.3999996,2.39,6.3999996,0.41287503
2022-07-09,14023.52,29,1.1,4.53,1.1,0.3844166
2022-07-10,14028.96,28,7.1999993,0.78,7.1999993,0.39074996
2022-07-11,14033.97,27,0.4,0.00,0.4,0.36925003
2022-07-12,14038.62,26,0,0.00,0,0.34908333
2022-07-13,14043.21,26,0,0.00,0,0.32391667
2022-07-14,14047.71,26,0.3,1.88,0.3,0.29916665
2022-07-15,14052.13,26,1.8000002,1.11,1.8000002,0.28308335
2022-07-16,14056.44,26,0,0.00,0,0.27245837
2022-07-17,14060.71,25,0,0.00,0,0.25387505
2022-07-18,14064.92,25,0,0.00,0,0.23858328
2022-07-19,14069.06,25,0,0.00,0,0.222125
2022-07-20,14073.17,25,0,0.00,0,0.20291667
2022-07-21,14077.31,25,4.7,0.00,4.7,0.21012501
2022-07-22,14081.43,25,0,5.45,0,0.2315833
2022-07-23,14086.16,26,8.700001,0.43,8.700001,0.25725004
2022-07-24,14090.87,25,1.1,0.00,1.1,0.23637505
2022-07-25,14095.54,25,8,36.38,8,0.23254164
2022-07-26,14100.79,29,24.100002,3.76,24.100002,0.35920832
2022-07-27,14105.82,28,14.3,0.00,14.3,0.36199996
2022-07-28,14110.69,27,1,3.30,1,0.33816668
2022-07-29,14115.72,28,15.3,14.16,15.3,0.39100003
2022-07-30,14121.1,29,5.6,4.56,5.6,0.39962497
2022-07-31,14126.3,29,2,0.00,2,0.38245833
2022-08-01,14131.31,28,0.8000001,8.62,0.8000001,0.3569167
2022-08-02,14136.33,28,9.700001,0.00,9.700001,0.37579164
2022-08-03,14141.17,27,0,0.00,0,0.334375
2022-08-04,14145.93,26,0.7,0.00,0.7,0.30866665
2022-08-05,14150.62,25,10.800001,2.38,10.800001,0.34204164
2022-08-06,14155.37,25,11,0.00,11,0.39316666
2022-08-07,14160.07,25,0.6,0.00,0.6,0.36370835
2022-08-08,14164.72,25,0.3,0.00,0.3,0.35149994
2022-08-09,14169.29,24,0,0.00,0,0.33904168
2022-08-10,14173.87,24,0,0.00,0,0.3236667
2022-08-11,14178.46,24,0.5,0.00,0.5,0.31100008
2022-08-12,14183.02,24,0.6,0.00,0.6,0.29999995
2022-08-13,14187.58,24,0,0.00,0,0.3088334
2022-08-14,14192.12,24,0,0.00,0,0.29216665
2022-08-15,14196.74,24,17.100002,12.63,17.100002,0.33983338
2022-08-16,14201.33,24,0,0.00,0,0.37320828
2022-08-17,14205.84,24,0,0.00,0,0.34245837
2022-08-18,14210.36,24,8.8,0.15,8.8,0.3594167
2022-08-19,14214.8,24,27.699999,20.51,27.699999,0.39374998
2022-08-20,14219.53,27,6.6,13.33,6.6,0.41745833
2022-08-21,14224.28,27,1.3000001,0.00,1.3000001,0.4021667
2022-08-22,14228.78,26,1.3000001,0.00,1.3000001,0.3835417
2022-08-23,14233.17,25,0,0.00,0,0.359625
2022-08-24,14237.5,25,0,0.00,0,0.33358333
2022-08-25,14241.75,25,1.6,0.00,1.6,0.3182917
2022-08-26,14245.94,24,0.3,12.95,0.3,0.3133333
2022-08-27,14250.32,25,7.9999995,13.64,7.9999995,0.36900005
2022-08-28,14254.71,26,22.6,4.82,22.6,0.42983332
2022-08-29,14259.07,25,0.4,0.00,0.4,0.397125
2022-08-30,14263.35,25,4.2000003,1.71,4.2000003,0.38299993
2022-08-31,14267.76,26,17.000002,21.16,17.000002,0.4169583
2022-09-01,14272.26,26,0.3,0.00,0.3,0.3985
2022-09-02,14276.59,25,1.1,0.00,1.1,0.38199994
2022-09-03,14280.94,25,6.7000003,11.09,6.7000003,0.38595834
2022-09-04,14285.07,25,0.2,0.00,0.2,0.37687504
2022-09-05,14289.13,24,0.1,0.00,0.1,0.36400005
2022-09-06,14293.14,24,0,2.75,0,0.3527917
2022-09-07,14297.11,24,0.90000004,0.80,0.90000004,0.362875
2022-09-08,14301.11,24,6.5,13.04,6.5,0.3782917
2022-09-09,14305.25,24,17.699999,9.76,17.699999,0.39695835
2022-09-10,14309.45,24,1.5,6.41,1.5,0.3788333
2022-09-11,14313.62,24,2,6.96,2,0.38558337
2022-09-12,14317.77,24,0,0.00,0,0.37199998
2022-09-13,14321.86,24,0,0.00,0,0.35395834
2022-09-14,14325.84,23,5.2,9.99,5.2,0.3615
2022-09-15,14329.86,23,11.299999,2.42,11.299999,0.416375
2022-09-16,14333.86,24,6.399999,6.57,6.399999,0.41404167
2022-09-17,14337.94,26,5.7,25.59,9.099999,0.4109584
2022-09-18,14342.45,29,2.7000003,14.04,5,0.41366673
2022-09-19,14347.16,29,2.1999998,3.48,9.7,0.41204166
2022-09-20,14351.62,26,1.2,2.06,1.2,0.40441665
2022-09-21,14355.86,25,0,0.00,0,0.39966676
2022-09-22,14360.04,24,0,0.00,0,0.3952916
2022-09-23,14364.18,24,0,0.00,0,0.3865
2022-09-24,14368.3,24,0.70000005,1.24,0.70000005,0.38475004
2022-09-25,14372.4,23,4.3,3.35,4.3,0.38995835
2022-09-26,14376.53,24,3.8999994,4.30,3.8999994,0.40850005
2022-09-27,14380.66,24,5.2999988,5.51,6.499998,0.40754166
2022-09-28,14384.85,25,4.3,13.12,4.8000007,0.40166667
2022-09-29,14389.37,27,7.9,4.73,9.700001,0.4165
2022-09-30,14393.83,26,0.4,0.00,0.4,0.40783334
2022-10-01,14398.14,26,11.6,14.87,11.6,0.41287506
2022-10-02,14402.85,28,25.699999,43.75,25.699999,0.42837498
2022-10-03,14411.56,47,1.2,0.00,1.2,0.41300002
2022-10-04,14416.58,29,0,0.00,0,0.39329168
2022-10-05,14420.58,24,0,0.00,0,0.38316667
2022-10-06,14424.16,23,0,0.00,0,0.37325
2022-10-07,14427.61,21,0,0.00,0,0.36716673
2022-10-08,14431.05,21,5.2,7.38,5.2,0.38366663
2022-10-09,14434.52,21,2.2,0.14,2.2,0.40225002
2022-10-10,14437.94,21,0.8,1.44,0.8,0.3982083
2022-10-11,14441.36,20,0.2,0.07,0.2,0.398875
2022-10-12,14444.83,20,3,0.00,3,0.39279163
2022-10-13,14448.32,20,0.8,8.35,0.8,0.38587496
2022-10-14,14451.8,20,3.7999997,13.73,3.7999997,0.39533332
2022-10-15,14455.37,21,3.4,0.44,3.4,0.40633336
2022-10-16,14458.88,20,0,0.00,0,0.38987502
2022-10-17,14462.42,20,0,0.00,0,0.3778751
2022-10-18,14465.96,20,1.4,0.77,1.4,0.35704163
2022-10-19,14469.47,20,0,0.40,0,0.3575
2022-10-20,14472.98,20,0,0.15,0,0.3453333
2022-10-21,14476.47,20,0,11.92,0,0.3304583
2022-10-22,14480.13,20,14.9,3.60,14.9,0.39233336
2022-10-23,14483.82,20,0.1,1.65,0.1,0.37375
2022-10-24,14487.87,23,25.5,25.01,25.5,0.40066668
2022-10-25,14492.61,27,0.3,0.15,0.3,0.39362502
2022-10-26,14496.68,24,3.3999999,1.92,3.3999999,0.3885
2022-10-27,14500.44,22,0,0.00,0,0.38283336
2022-10-28,14503.89,21,0,0.00,0,0.36891654
2022-10-29,14507.27,21,0,0.00,0,0.36087504
2022-10-30,14510.66,20,0,0.00,0,0.34662494
2022-10-31,14513.99,20,0,0.00,0,0.33470824
2022-11-01,14517.33,19,0,0.30,0,0.3195417
2022-11-02,14520.63,19,1.8000001,0.00,1.8000001,0.33466664
2022-11-03,14523.92,19,0.6,7.71,0.6,0.34537497
2022-11-04,14527.24,21,6.9999995,14.09,20.699999,0.38812497
2022-11-05,14530.68,22,0.5,6.23,1.5000001,0.3752916
2022-11-06,14534.17,22,0,0.00,0.1,0.3685417
2022-11-07,14537.63,21,0,0.00,0,0.3661667
2022-11-08,14541.01,21,0,0.00,0,0.35833335
2022-11-09,14544.35,20,0,6.34,0,0.35116664
2022-11-10,14547.7,20,3.3999999,2.82,3.3999999,0.37595832
2022-11-11,14551.1,20,0,0.00,0,0.3679166
2022-11-12,14554.47,20,0,0.00,0,0.36150002
2022-11-13,14557.8,20,0,0.00,0,0.35525003
2022-11-14,14561.14,20,0,0.00,0,0.35329166
2022-11-15,14564.49,20,0,0.72,0,0.34995833
2022-11-16,14567.95,20,2.8999999,4.24,3.8999999,0.3650417
2022-11-17,14571.4,20,0.100000024,7.36,1.6,0.36720833
2022-11-18,14574.86,21,0.3,11.35,7.4999995,0.35862502
2022-11-19,14578.38,21,0,0.10,0,0.35516664
2022-11-20,14581.89,21,0,0.00,2,0.34995833
2022-11-21,14585.18,20,0,5.89,4.1000004,0.34787503
2022-11-22,14588.31,21,0,12.10,15.299999,0.3470001
2022-11-23,14591.46,21,0,5.82,2.7000003,0.3460834
2022-11-24,14594.62,21,0,1.11,1.8000001,0.34512493
2022-11-25,14597.8,21,0,3.71,3.4,0.34391665
2022-11-26,14600.98,21,0,1.90,2.3,0.34299996
2022-11-27,14604.14,21,0,0.00,0,0.34229168
2022-11-28,14607.28,21,0,6.31,2,0.34108338
2022-11-29,14610.53,22,0,9.96,11.2,0.34033337
2022-11-30,14613.91,23,0,0.05,0,0.33954155
2022-12-01,14617.23,23,0,0.00,0,0.3388749
2022-12-02,14620.51,22,0,2.16,4.2999997,0.33799994
2022-12-03,14623.72,22,0,0.00,0,0.33745828
2022-12-04,14626.87,21,0.1,0.00,0.1,0.34066662
2022-12-05,14630.03,21,0.20000002,3.62,8.500001,0.34437498
2022-12-06,14633.18,21,0,0.00,0,0.34145835
2022-12-07,14636.31,21,0,0.32,0.3,0.3394582
2022-12-08,14639.41,21,0,0.00,0,0.3382083
2022-12-09,14642.48,21,0,2.51,1.5000001,0.33699992
2022-12-10,14645.47,21,0,6.92,3.3999999,0.33624998
2022-12-11,14648.46,21,0,0.49,1.4000001,0.33570835
2022-12-12,14651.49,21,0,0.00,0,0.335
2022-12-13,14654.47,21,0,0.14,0.3,0.33450004
2022-12-14,14657.29,20,0,0.35,0.6,0.33400008
2022-12-15,14660.03,21,0,1.18,0.6,0.3333751
2022-12-16,14663.01,21,0,7.85,4.2,0.33300006
2022-12-17,14666.26,22,0,0.00,0.2,0.3323749
2022-12-18,14669.61,23,0,0.00,0,0.3319999
2022-12-19,14672.97,24,0,0.00,0,0.33170825
2022-12-20,14676.41,23,0,0.00,0,0.33099994
2022-12-21,14679.86,24,0,0.07,0.3,0.33066663
2022-12-22,14683.15,23,0.3,2.37,4.6,0.32999995
2022-12-23,14686.51,23,9.6,8.07,18.000002,0.34975
2022-12-24,14690.17,25,4.1,6.16,5.8,0.37041667
2022-12-25,14693.85,25,2.1000001,0.00,2.4,0.384625
2022-12-26,14697.33,24,1.3,12.15,2.8000002,0.36749998
2022-12-27,14700.84,24,0,0.39,6.6,0.36424997
2022-12-28,14704.26,24,0,0.00,0,0.35820827
2022-12-29,14707.58,23,0,0.00,0,0.35470834
2022-12-30,14710.84,22,0.1,0.00,0.4,0.35216665
2022-12-31,14714.02,22,0,0.00,0,0.36058334
2023-01-01,14717.15,21,0,0.00,0,0.367625
2023-01-02,14720.18,20,0,0.26,0,0.36770836
2023-01-03,14723.21,20,1.4000002,1.47,1.4000002,0.37779164
2023-01-04,14726.22,20,0,0.25,0,0.37491667
2023-01-05,14729.23,20,0.2,0.38,0.2,0.38025
2023-01-06,14732.18,20,0,0.00,0,0.38016668
2023-01-07,14735.16,20,0,0.00,0,0.37316668
2023-01-08,14738.13,20,0,0.14,0.4,0.3684167
2023-01-09,14741.09,20,0,7.58,4.7999997,0.3642083
2023-01-10,14744.08,20,0,3.05,7.3,0.36112502
2023-01-11,14747.05,20,0.10000001,5.97,3.5,0.35879162
2023-01-12,14750.02,19,0,0.00,0.4,0.35687494
2023-01-13,14752.99,19,0,7.85,5.6,0.35516667
2023-01-14,14755.96,19,0,0.00,0.3,0.35362506
2023-01-15,14758.9,19,0,4.42,4.2000003,0.35233343
2023-01-16,14761.85,19,0,0.00,0.1,0.35116664
2023-01-17,14764.79,19,0,0.77,0.2,0.34979162
2023-01-18,14767.91,21,0,0.88,2.2,0.3487083
2023-01-19,14771.07,22,0,0.07,2.2,0.3476667
2023-01-20,14774.26,22,0,8.41,3.6000001,0.3467501
2023-01-21,14777.48,22,0,4.88,6.5999994,0.3458334
2023-01-22,14780.72,22,0,0.00,0.70000005,0.3449999
2023-01-23,14783.96,22,0,0.00,0,0.34399998
2023-01-24,14787.24,22,0,0.00,0,0.34399998
2023-01-25,14790.51,22,0,0.00,0,0.34333333
2023-01-26,14793.81,22,0,0.00,0,0.34241664
2023-01-27,14797.12,22,0,0.99,0.90000004,0.34175003
2023-01-28,14800.45,22,0,0.00,0.1,0.34100005
2023-01-29,14803.78,22,0,0.00,0,0.3405001
2023-01-30,14807.11,22,0,3.36,1.1,0.33979166
2023-01-31,14810.46,23,0,0.00,0.6,0.33899987
2023-02-01,14813.85,23,0,0.80,1.1,0.3384999
2023-02-02,14817.36,24,0,17.61,18.999998,0.33799994
2023-02-03,14820.93,24,0,21.43,9.900001,0.33716658
2023-02-04,14825.11,25,0,2.88,13.600001,0.3369583
2023-02-05,14828.79,22,0,0.28,1.3000001,0.336
2023-02-06,14832.35,21,0,0.00,0.4,0.336
2023-02-07,14835.83,21,0,0.00,0,0.33566666
2023-02-08,14839.31,21,0,0.00,0,0.3355
2023-02-09,14842.79,20,0,0.00,0,0.335
2023-02-10,14846.34,21,0,0.00,0,0.33441672
2023-02-11,14849.95,22,0,0.00,0,0.33400008
2023-02-12,14853.51,22,0,0.00,0,0.3332084
2023-02-13,14857.12,22,0,0.00,0,0.33300006
2023-02-14,14860.79,22,0,0.00,0,0.33254156
2023-02-15,14864.46,22,0,0.00,0,0.3319999
2023-02-16,14868.08,22,0,0.00,0,0.33170825
2023-02-17,14871.52,20,0,0.00,0,0.33099994
2023-02-18,14875,20,0,0.00,0,0.34408334
2023-02-19,14878.51,21,0.4,0.00,0.6,0.3650833
2023-02-20,14881.99,20,0,0.00,0,0.37429166
2023-02-21,14885.37,20,0,0.00,0,0.375375
2023-02-22,14888.63,20,0,0.00,0,0.369375
2023-02-23,14891.79,19,0.2,0.00,0.2,0.37483332
2023-02-24,14894.89,19,0,28.32,0.3,0.382125
2023-02-25,14898.29,21,0,14.21,12.900002,0.3694167
2023-02-26,14901.65,20,0,0.62,4.799999,0.36304167
2023-02-27,14904.93,20,0,0.00,0.6,0.35925004
2023-02-28,14908.12,20,0,0.00,0,0.35691664
2023-03-01,14911.22,20,0,0.00,0,0.35500002
2023-03-02,14914.31,19,0,0.00,0,0.3531251
2023-03-03,14917.43,20,0,0.00,1.3000002,0.35145828
2023-03-04,14920.52,20,0,0.00,0,0.35024998
2023-03-05,14923.62,20,0,0.00,0.3,0.34866667
2023-03-06,14926.71,20,0,0.00,0.9000001,0.34704176
2023-03-07,14929.74,19,0,0.00,0.2,0.3450416
2023-03-08,14932.78,19,0.39999998,0.82,2.5,0.34345832
2023-03-09,14936.07,21,0,13.40,9.200001,0.3590833
2023-03-10,14939.56,22,0.9000001,11.81,3.5999994,0.376375
2023-03-11,14943.02,21,0,5.55,2.5,0.37087497
2023-03-12,14946.37,20,0.19999996,3.39,4.7,0.36116672
2023-03-13,14949.7,20,0,8.56,0,0.37287498
2023-03-14,14953.42,23,5.6,13.86,16.399998,0.40108344
2023-03-15,14957.22,23,0,0.62,3.6999996,0.3835417
2023-03-16,14960.79,21,0,0.00,0,0.37250003
2023-03-17,14964.18,20,0,0.00,0,0.38725007
2023-03-18,14967.47,19,0,0.00,0,0.40533337
2023-03-19,14970.73,19,1.8,10.45,2.4,0.4115416
2023-03-20,14974.08,20,1.1000001,0.15,2.6,0.41904166
2023-03-21,14977.4,19,0,0.00,0,0.4127083
2023-03-22,14980.59,19,0,0.00,0,0.41729167
2023-03-23,14983.5,19,0,0.00,0,0.41837493
2023-03-24,14986.42,19,6.1,16.25,6.6000004,0.4222083
2023-03-25,14989.5,20,0.2,0.93,0.70000005,0.41700003
2023-03-26,14992.57,19,0.70000005,1.85,4.2,0.41199997
2023-03-27,14995.7,20,0,21.21,23.700005,0.4004167
2023-03-28,14998.79,20,0,0.78,3.1,0.39025
2023-03-29,15001.88,19,0.4,3.72,6.0999994,0.3844583
2023-03-30,15005.31,22,10.5,10.76,12.900001,0.39908338
2023-03-31,15009.73,27,5.2,3.57,9,0.41395828
2023-04-01,15013.53,25,0.3,0.00,1.2,0.40550002
2023-04-02,15016.99,22,0.5,6.37,3.1999998,0.41045833
2023-04-03,15020.32,22,0,0.00,1.4000002,0.40091673
2023-04-04,15023.59,21,0,0.00,0,0.39045835
2023-04-05,15026.8,21,0,0.00,0,0.38416663
2023-04-06,15029.96,20,0,0.16,0,0.37904164
2023-04-07,15033.04,19,0,3.82,5.7,0.37483335
2023-04-08,15036.14,19,0,11.61,5.9,0.3712499
2023-04-09,15039.3,20,0,0.00,0.3,0.37270832
2023-04-10,15042.41,20,0,0.00,0,0.38158333
2023-04-11,15045.49,20,1.7,8.37,4.0999994,0.39608338
2023-04-12,15048.58,20,3.2,20.45,7.4,0.41029167
2023-04-13,15051.94,22,0.20000005,13.27,14.999998,0.40545836
2023-04-14,15055.49,24,0,14.91,13.500001,0.3915
2023-04-15,15059.1,24,0,16.73,4.7,0.38508335
2023-04-16,15062.93,26,0.2,2.65,4.3999996,0.38508335
2023-04-17,15066.84,26,0.4,1.44,0.70000005,0.39633337
2023-04-18,15070.53,25,0,0.00,0,0.41304168
2023-04-19,15074.14,24,2.1000001,7.52,4.7000003,0.42083335
2023-04-20,15077.73,24,0.3,0.00,2.2,0.41799998
2023-04-21,15081.18,23,0.4,0.00,0.4,0.42037496
2023-04-22,15084.5,22,0,0.38,0,0.42000005
2023-04-23,15087.8,22,5,22.63,5.7,0.42612502
2023-04-24,15091.44,24,8.599999,1.90,15.700001,0.429875
2023-04-25,15094.97,24,0.2999999,9.48,5.4999995,0.41183332
2023-04-26,15098.37,22,0,2.28,1.3000001,0.4104167
2023-04-27,15101.75,22,0.8000001,1.00,2.8999999,0.41629162
2023-04-28,15105.27,23,18.399998,21.78,18.699999,0.4251667
2023-04-29,15111.19,34,2.3,2.28,2.3,0.427125
2023-04-30,15116.49,31,0.5,0.00,0.5,0.42791665
2023-05-01,15120.3,24,4.4,11.13,4.4,0.4250833
2023-05-02,15124.44,26,5.999999,3.15,5.999999,0.4304583
2023-05-03,15128.45,26,0,0.00,0,0.42387497
2023-05-04,15132.69,27,0,0.00,0,0.423375
2023-05-05,15136.98,27,2.9,13.18,2.9,0.42275
2023-05-06,15141.79,29,4.7,0.00,4.7,0.42150006
2023-05-07,15146.13,27,3.7,12.85,3.7,0.40695837
2023-05-08,15150.66,28,11.4,5.90,11.4,0.42083335
2023-05-09,15155.93,30,2.5,15.77,2.5,0.404375
2023-05-10,15168.93,54,27.000002,36.82,33.600002,0.43091667
2023-05-11,15201.93,87,4.899999,8.20,17.000002,0.42479166
2023-05-12,15221.23,63,1.8000001,0.05,2,0.42266667
2023-05-13,15227.92,34,9,4.24,9,0.427375
2023-05-14,15233.81,31,9.2,7.26,11.200002,0.412375
2023-05-15,15240.08,33,6.699999,7.50,11.800001,0.4174167
2023-05-16,15247.87,38,20.500002,41.88,24.7,0.4205
2023-05-17,15270.37,75,2.2999997,0.44,9.300001,0.41791666
2023-05-18,15289.67,70,0,0.00,0,0.4036667
2023-05-19,15303.97,58,0.6,0.00,0.6,0.3989167
2023-05-20,15311.6,38,0.2,0.00,0.2,0.38516665
2023-05-21,15318.17,34,0,0.00,0,0.35999998
2023-05-22,15324.28,32,0.4,0.00,0.4,0.3485
2023-05-23,15331.15,34,13.900001,23.06,13.900001,0.36500004
2023-05-24,15339.37,40,10.200001,10.76,10.200001,0.3955833
2023-05-25,15346.43,35,0.90000004,0.00,0.90000004,0.37958333
2023-05-26,15352.77,32,11.2,0.00,11.2,0.38525
2023-05-27,15358.73,31,1.2,0.00,1.2,0.3734583
2023-05-28,15364.28,28,16.1,0.21,16.1,0.38362503
2023-05-29,15369.74,28,0.4,0.00,0.4,0.38325003
2023-05-30,15375.09,27,0,0.00,0,0.35995838
2023-05-31,15380.43,27,0.70000005,0.00,0.70000005,0.36320832
2023-06-01,15385.77,27,8.300001,0.24,8.300001,0.36770836
2023-06-02,15391.16,28,1.3000002,0.00,1.3000002,0.372125
2023-06-03,15396.56,28,4.2999997,0.00,4.2999997,0.37683332
2023-06-04,15402.07,28,11.7,0.00,11.7,0.3840833
2023-06-05,15407.62,29,10.2,0.60,10.2,0.40475002
2023-06-06,15413.15,30,1.0000001,0.00,1.0000001,0.399375
2023-06-07,15419.01,31,1,0.00,1,0.38520828
2023-06-08,15425.32,33,9.400001,0.73,9.400001,0.39049998
2023-06-09,15431.69,33,0.7,0.00,0.7,0.3726667
2023-06-10,15438.07,32,9.6,0.00,9.6,0.37749997
2023-06-11,15444.44,32,1.1,0.00,1.1,0.36854163
2023-06-12,15451.18,34,0.5,0.00,0.5,0.36341658
2023-06-13,15458.46,36,0.8,0.00,0.8,0.34954166
2023-06-14,15465.87,36,0.2,0.00,0.2,0.3325416
2023-06-15,15473.42,37,1.2,0.00,1.2,0.33229175
2023-06-16,15481.05,37,11.8,6.97,11.8,0.35241663
2023-06-17,15488.65,37,0.90000004,0.00,0.90000004,0.364875
2023-06-18,15496.21,36,0,0.00,0,0.33329165
2023-06-19,15503.8,36,0.4,3.31,0.4,0.31883338
2023-06-20,15511.91,38,0.1,7.51,0.1,0.35266665
2023-06-21,15520.42,40,2.6,15.04,2.6,0.3215833
2023-06-22,15530.82,47,0.3,11.11,0.3,0.3207083
2023-06-23,15540.23,43,14.9000025,6.05,14.9000025,0.40075
2023-06-24,15549.11,42,0.3,0.00,0.3,0.36512497
2023-06-25,15557.76,41,0,0.00,0,0.34149995
2023-06-26,15566.25,40,0.90000004,0.00,0.90000004,0.3173333
2023-06-27,15574.65,40,4.399999,0.11,4.399999,0.28979167
2023-06-28,15583.21,40,5.899999,5.11,5.899999,0.29729167
2023-06-29,15591.66,41,0.1,0.00,0.1,0.28970835
2023-06-30,15600.21,41,14.099999,24.22,14.099999,0.32691672
2023-07-01,15609.22,43,22,4.99,22,0.4041667
2023-07-02,15617.85,42,3,0.23,3,0.38366672
2023-07-03,15626.27,41,3.8999999,0.30,3.8999999,0.3750833
2023-07-04,15634.63,41,7.9,9.37,7.9,0.3759583
2023-07-05,15643.09,41,11.599999,6.59,11.599999,0.38287497
2023-07-06,15651.54,41,8,0.07,8,0.39704165
2023-07-07,15659.7,40,0,0.00,0,0.37695834
2023-07-08,15667.14,37,0.3,0.00,0.3,0.35333332
2023-07-09,15674.41,36,0.1,0.00,0.1,0.33837497
2023-07-10,15681.63,36,0.3,1.67,0.3,0.32162496
2023-07-11,15688.85,36,0.2,0.72,0.2,0.30262497
2023-07-12,15696.16,36,15.299999,21.31,15.299999,0.31633332
2023-07-13,15704.1,38,8.5,5.29,8.5,0.41070834
2023-07-14,15711.76,38,0,0.00,0,0.39179167
2023-07-15,15719.2,37,0,0.05,0,0.35929167
2023-07-16,15726.47,36,1,2.53,1,0.34037498
2023-07-17,15733.75,36,7.5,0.00,7.5,0.36333334
2023-07-18,15741.02,37,17.6,20.16,17.6,0.3773333
2023-07-19,15749.5,42,11.200001,10.19,11.200001,0.39954165
2023-07-20,15758.04,42,2.3999999,1.95,2.3999999,0.38283327
2023-07-21,15766.29,41,3.8,7.07,3.8,0.38220826
2023-07-22,15774.38,40,9.000002,0.00,9.000002,0.40250003
2023-07-23,15782.26,39,0.70000005,0.00,0.70000005,0.39416668
2023-07-24,15789.8,39,9.9,28.32,9.9,0.3799167
2023-07-25,15798.19,42,9.800002,36.52,9.800002,0.41804168
2023-07-26,15806.8,43,13.4000025,5.82,14.000002,0.41925004
2023-07-27,15813.19,34,0,0.10,0,0.40129173
2023-07-28,15818.96,31,3.4,10.00,3.4,0.38425002
2023-07-29,15824.68,31,4.7000003,9.08,4.7000003,0.39054167
2023-07-30,15830.73,32,3.9999995,15.07,3.9999995,0.39649996
2023-07-31,15836.69,32,2.6,0.66,2.6,0.38737497
2023-08-01,15842.3,30,19.200003,1.72,19.200003,0.40020838
2023-08-02,15847.7,29,1.6,7.08,1.6,0.3922917
2023-08-03,15853.04,29,21.599998,12.68,21.599998,0.4193333
2023-08-04,15858.77,31,9.1,19.74,9.1,0.41141668
2023-08-05,15874.57,58,27.999998,28.18,27.999998,0.43470836
2023-08-06,15885.07,49,14.200001,13.46,14.900001,0.42558333
2023-08-07,15891.55,34,4,1.33,4,0.41633335
2023-08-08,15896.81,28,0,0.18,0,0.39483333
2023-08-09,15901.76,26,11.3,1.29,11.3,0.40504172
2023-08-10,15906.54,26,6.6,0.00,6.6,0.41545832
2023-08-11,15911.19,25,0.3,0.00,0.3,0.38508335
2023-08-12,15915.8,25,0,2.58,0,0.36833325
2023-08-13,15920.45,25,0,10.23,0,0.35424998
2023-08-14,15925.93,29,0,0.00,0,0.33824995
2023-08-15,15931.72,30,9.099999,9.30,9.099999,0.33883333
2023-08-16,15937.69,31,0,0.00,0,0.35241672
2023-08-17,15942.94,28,3,5.75,3,0.34304163
2023-08-18,15948.21,28,0.8,0.00,0.8,0.3673333
2023-08-19,15953.37,27,0.3,0.00,0.3,0.34312502
2023-08-20,15958.37,26,0,0.00,0,0.32825005
2023-08-21,15963.1,25,0.4,0.00,0.4,0.31970835
2023-08-22,15967.5,25,0.2,0.00,0.2,0.30650005
2023-08-23,15971.88,25,2.9,0.00,2.9,0.30237505
2023-08-24,15976.33,25,0.2,38.80,0.2,0.331625
2023-08-25,15980.97,26,2.9,8.49,2.9,0.33150002
2023-08-26,15985.78,27,11.499999,12.76,11.499999,0.34029165
2023-08-27,15991.29,30,44.1,30.01,44.1,0.42454162
2023-08-28,16007.39,59,34.100002,38.89,34.100002,0.42820826
2023-08-29,16040.39,85,17.600002,18.92,17.600002,0.42866668
2023-08-30,16069.59,82,7.8000007,0.29,7.8000007,0.41824996
2023-08-31,16090.79,71,0.4,0.00,0.4,0.3996667
2023-09-01,16105.19,57,0,0.00,0,0.38179168
2023-09-02,16110.95,32,0.3,0.00,0.3,0.36987495
2023-09-03,16115.88,28,0.4,0.00,0.4,0.36087498
2023-09-04,16120.62,27,0,0.00,0,0.35408333
2023-09-05,16125.23,26,0,0.00,0,0.33979166
2023-09-06,16129.7,27,0,0.00,0,0.3330833
2023-09-07,16134.18,26,0,0.00,0,0.32266667
2023-09-08,16138.59,26,0,0.00,0,0.3137917
2023-09-09,16142.99,26,0,0.00,0,0.30583337
2023-09-10,16147.41,26,0,0.00,0,0.29937497
2023-09-11,16151.84,26,0.7,0.00,0.7,0.29633337
2023-09-12,16156.29,26,0,2.88,0,0.29512507
2023-09-13,16160.89,27,14.000001,26.52,14.000001,0.34291664
2023-09-14,16166,30,26.3,0.00,26.3,0.40916666
2023-09-15,16170.71,27,0.1,0.00,0.1,0.3744583
2023-09-16,16175.3,27,0,0.00,0,0.362
2023-09-17,16179.82,26,0.3,0.00,0.3,0.3564583
2023-09-18,16184.42,26,5.3,10.21,5.3,0.3703333
2023-09-19,16189.12,27,0.4,0.00,0.4,0.38908327
2023-09-20,16193.78,27,0,0.00,0,0.37537503
2023-09-21,16198.44,27,0,5.58,0,0.36362496
2023-09-22,16203.38,29,39.5,27.37,39.5,0.41558334
2023-09-23,16209.31,33,4.5000005,3.45,4.5000005,0.4171667
2023-09-24,16214.45,30,0.5,0.00,0.5,0.39895836
2023-09-25,16219.31,28,0,0.00,0,0.38141668
2023-09-26,16224.09,27,0,0.00,0,0.373125
2023-09-27,16228.82,27,0,0.00,0,0.36787498
2023-09-28,16233.56,27,0,0.00,0,0.36533332
2023-09-29,16238.28,27,0.6,2.68,0.6,0.35429165
2023-09-30,16243,27,2.4,0.00,2.4,0.35837495
2023-10-01,16247.71,26,0,0.00,0,0.35416666
2023-10-02,16252.36,26,0,0.00,0,0.34287497
2023-10-03,16257.01,26,5.7,10.21,5.7,0.341875
2023-10-04,16261.71,26,0.3,0.00,0.3,0.368
2023-10-05,16266.43,27,0,0.00,0,0.35516667
2023-10-06,16271.14,26,0,0.00,0,0.34349993
2023-10-07,16275.86,25,0,0.00,0,0.33874997
2023-10-08,16280.62,25,0,0.00,0,0.3355833
2023-10-09,16285.37,26,0,0.00,0,0.33604172
2023-10-10,16290.16,27,0.1,0.00,0.1,0.33724996
2023-10-11,16294.91,27,0,0.00,0,0.3290416
2023-10-12,16299.69,27,0,0.00,0,0.32550004
2023-10-13,16304.46,27,0,0.00,0,0.32529166
2023-10-14,16309.25,27,7.3999996,6.43,7.3999996,0.33225
2023-10-15,16314.04,27,2.6000001,2.26,3.9,0.3706667
2023-10-16,16318.87,27,0,0.00,0,0.3550417
2023-10-17,16323.76,27,0,0.00,0,0.34716663
2023-10-18,16328.67,27,0,0.00,0,0.33949998
2023-10-19,16333.5,27,2.3,0.00,2.3,0.3267083
2023-10-20,16338.37,27,5.3,0.19,5.3,0.34241667
2023-10-21,16343.27,27,2.4,3.32,2.4,0.3877083
2023-10-22,16348.17,27,2.0000002,0.00,2.0000002,0.38162497
2023-10-23,16353.09,27,0,0.00,0,0.37087497
2023-10-24,16358,26,8.000001,7.01,8.000001,0.37695837
2023-10-25,16362.94,26,2.5000002,1.26,2.5000002,0.3955417
2023-10-26,16367.89,26,4.4999995,15.92,4.4999995,0.39545834
2023-10-27,16372.75,27,10.700001,2.07,10.700001,0.41058335
2023-10-28,16377.64,27,0.4,0.00,0.5,0.39199996
2023-10-29,16382.54,26,0,0.00,0,0.38074994
2023-10-30,16387.19,26,11.7,17.42,11.7,0.3913333
2023-10-31,16391.58,27,9.300001,2.85,15.000001,0.42195833
2023-11-01,16396.02,26,0,0.00,0,0.4004167
2023-11-02,16400.51,26,7.3999996,16.47,15.2,0.4023333
2023-11-03,16404.69,28,0,11.48,19.9,0.40175
2023-11-04,16408.94,28,0,1.72,3.7,0.3936667
2023-11-05,16413.24,27,0,0.00,2.6,0.3985417
2023-11-06,16417.59,27,0,0.00,0,0.39458337
2023-11-07,16421.9,27,0.099999994,7.25,6.6000004,0.39220834
2023-11-08,16426.22,27,0,0.00,0,0.3845416
2023-11-09,16430.5,27,0,0.00,0.5,0.37804163
2023-11-10,16434.75,26,0.3,1.67,1.2,0.37566665
2023-11-11,16439.03,26,0,0.38,1.0000001,0.37366673
2023-11-12,16443.35,27,0.100000024,11.81,8.6,0.37054166
2023-11-13,16447.66,27,4.1,13.62,5.0999994,0.38404167
2023-11-14,16452.12,28,23.300001,20.34,23.400002,0.42662492
2023-11-15,16456.97,29,1.9,0.02,7.799999,0.41441667
2023-11-16,16461.05,26,0,21.61,3.5,0.39650002
2023-11-17,16465.33,27,0.100000024,25.19,25.499998,0.38879165
2023-11-18,16469.56,27,1.2,16.95,4.1,0.38391662
2023-11-19,16476.13,39,8.4,7.35,8.4,0.4107084
2023-11-20,16482.09,35,0.3,0.09,0.3,0.40337506
2023-11-21,16486.53,28,0,9.97,2.4,0.39362502
2023-11-22,16490.66,26,0.1,1.01,2.1,0.3865001
2023-11-23,16494.64,26,0,0.38,0,0.38191667
2023-11-24,16498.66,26,0.50000006,22.06,14.400001,0.3789167
2023-11-25,16502.77,26,0.100000024,12.62,14.400002,0.3757083
2023-11-26,16506.86,26,0,0.94,9.1,0.37241673
2023-11-27,16510.96,26,0,2.08,0.7,0.36962497
2023-11-28,16515.02,26,0.099999964,15.49,8.900001,0.3670834
2023-11-29,16519.12,26,0,0.00,0.1,0.36479163
2023-11-30,16523.27,26,0,10.11,5.3,0.3626666
2023-12-01,16527.46,26,0.30000004,37.84,23.9,0.3607084
2023-12-02,16531.69,27,0,8.09,20.700005,0.35895836
2023-12-03,16535.86,26,0,2.13,0,0.3572916
2023-12-04,16540.19,27,0,0.00,0.1,0.35549998
2023-12-05,16544.46,27,0,1.78,3.6999998,0.3540417
2023-12-06,16548.69,27,0,4.21,2.8,0.3526251
2023-12-07,16552.93,27,0,0.00,0.4,0.35149992
2023-12-08,16557.17,27,0,6.44,4.5000005,0.35024998
2023-12-09,16561.41,27,0,9.66,4.8,0.349125
2023-12-10,16565.65,27,0,6.01,6.8999996,0.34795836
2023-12-11,16570.37,29,0.20000005,17.92,17.499998,0.3470001
2023-12-12,16575.65,31,2.4,6.28,7.0999994,0.34654176
2023-12-13,16581,31,1,8.06,7.5000005,0.34604177
2023-12-14,16586.28,31,0,15.59,7.1000004,0.3454999
2023-12-15,16591.55,31,0.100000024,9.48,3.8,0.34454158
2023-12-16,16596.23,29,0,0.00,0,0.33849993
2023-12-17,16600.59,27,0,0.00,0,0.3277916
2023-12-18,16604.84,27,0,0.00,0,0.327375
2023-12-19,16609.09,26,0,0.00,0,0.33045825
2023-12-20,16613.3,25,0.2,1.72,0.5,0.3317917
2023-12-21,16617.54,25,0.19999993,4.19,18.6,0.34379172
2023-12-22,16623.21,33,0.10000014,26.73,45.3,0.35162497
2023-12-23,16630.71,40,0.099999964,2.56,10.000002,0.3440834
2023-12-24,16636.58,32,0.6,0.28,0.6,0.33629167
2023-12-25,16642.41,33,0.1,0.00,0.1,0.34550002
2023-12-26,16647.66,30,0,0.00,0,0.35354164
2023-12-27,16652.35,27,0,0.00,0,0.35016665
2023-12-28,16656.8,25,0,0.00,0,0.34541667
2023-12-29,16661.1,25,0,0.00,0,0.34054172
2023-12-30,16665.3,25,0,0.00,0,0.34058335
2023-12-31,16669.45,25,0,7.65,6.7999997,0.3421251
2024-01-01,16673.56,25,0,0.00,0.6,0.3449584
2024-01-02,16677.68,24,0,0.00,0.4,0.33504155
2024-01-03,16681.78,24,0,1.07,1.1,0.32999995
2024-01-04,16685.86,24,0,0.00,3.2,0.33645836
2024-01-05,16689.8,24,0,0.07,1.2,0.3373749
2024-01-06,16693.69,25,0,15.79,12.299998,0.33416674
2024-01-07,16697.57,25,0,6.70,8.300002,0.33183327
2024-01-08,16701.45,25,0,0.00,0.3,0.329125
2024-01-09,16705.32,25,0,0.00,0,0.33404168
2024-01-10,16709.21,25,0,0.00,0,0.31583336
2024-01-11,16713.07,25,0,0.00,0,0.32445833
2024-01-12,16716.88,25,0,0.00,0,0.33066675
2024-01-13,16720.68,25,0,0.00,0,0.3274584
2024-01-14,16724.5,25,0,1.18,0,0.3290417
2024-01-15,16728.27,25,0,7.21,1.2,0.33270836
2024-01-16,16732.05,26,0,0.00,0,0.32745826
2024-01-17,16735.81,26,0,1.41,1.6000001,0.31779164
2024-01-18,16739.56,26,0.29999995,7.22,3.3999996,0.32087508
2024-01-19,16743.34,26,0,0.68,1.9000002,0.31791663
2024-01-20,16747.13,26,0,0.00,0,0.30958334
2024-01-21,16750.94,26,0,0.00,0,0.31270847
2024-01-22,16754.75,25,0.099999994,5.46,2.8,0.31987503
2024-01-23,16758.51,24,0.1,3.70,7.3,0.32066664
2024-01-24,16762.37,25,2.2,39.33,2.7,0.3225
2024-01-25,16772.67,48,2.9999998,19.16,17.7,0.32920828
2024-01-26,16780.02,39,4.7,18.60,7.6,0.36420834
2024-01-27,16786.48,36,0.2,0.00,0.2,0.375375
2024-01-28,16791.27,29,0,0.00,0,0.36979163
2024-01-29,16795.43,26,0,0.00,0,0.36233333
2024-01-30,16799.31,25,0,0.00,0,0.3620417
2024-01-31,16803.18,25,0,0.00,0,0.36400005
2024-02-01,16807.04,25,0.19999999,18.09,4.2999997,0.36774996
2024-02-02,16810.92,25,0.5,0.62,3,0.3646666
2024-02-03,16814.78,25,0,0.00,0,0.34408334
2024-02-04,16818.62,25,0,0.00,0,0.32691666
2024-02-05,16822.45,25,0,0.00,0,0.33429167
2024-02-06,16826.33,25,0,0.00,0,0.34129167
2024-02-07,16830.34,26,0,2.35,0,0.3449166
2024-02-08,16834.37,26,0.1,0.00,1.8000001,0.3461251
2024-02-09,16838.46,26,0.8000001,0.00,0.8000001,0.34950003
2024-02-10,16842.57,26,0.3,7.59,0.3,0.36541665
2024-02-11,16846.64,26,1,5.75,9.5,0.374375
2024-02-12,16850.71,26,0,4.91,1.9000001,0.3655
2024-02-13,16854.79,26,0,0.00,0.5,0.36291662
2024-02-14,16858.88,26,0.1,0.00,0.1,0.36087504
2024-02-15,16862.88,26,0.1,0.00,0.1,0.35950014
2024-02-16,16866.9,26,0,3.22,0,0.36945832
2024-02-17,16870.89,26,4.1,4.97,4.1,0.39900002
2024-02-18,16874.87,25,0.1,6.15,0.1,0.40791667
2024-02-19,16878.84,25,0.9,22.50,11.300001,0.39825
2024-02-20,16882.65,25,0,6.17,4.2999997,0.39025
2024-02-21,16886.52,25,0,0.00,0,0.3839583
2024-02-22,16890.48,25,0.10000001,8.82,1.9000003,0.37966678
2024-02-23,16894.38,25,0.1,10.75,22.800005,0.37654164
2024-02-24,16898.25,25,0,0.00,0.1,0.37320843
2024-02-25,16902.2,25,0,0.00,0,0.36966667
2024-02-26,16906.16,25,0,0.00,0,0.36625
2024-02-27,16910.12,25,0.4,0.00,2.9999995,0.36279166
2024-02-28,16914.06,25,0,0.00,0,0.3599584
2024-02-29,16918.1,26,0,0.00,0,0.36900005
2024-03-01,16922.15,26,1.3000001,0.78,2.9,0.3873333
2024-03-02,16926.26,25,0.5,0.05,3.2000003,0.3980833
2024-03-03,16930.38,25,0,0.00,0,0.3923334
2024-03-04,16934.49,25,0,0.00,0,0.39520833
2024-03-05,16938.61,24,0.29999998,15.30,7.700001,0.3949583
2024-03-06,16942.68,25,0.10000001,5.22,15.300001,0.3881667
2024-03-07,16946.75,26,0.70000005,0.00,3.2,0.38175002
2024-03-08,16950.84,25,0,0.00,0,0.37766662
2024-03-09,16954.92,25,0,0.00,0,0.37483335
2024-03-10,16958.98,25,2.4,0.00,2.7,0.38958338
2024-03-11,16963.05,25,0,2.37,2.0000002,0.39170834
2024-03-12,16967.14,25,0,2.82,4.5,0.3849583
2024-03-13,16971.27,25,0.6,5.26,4.9999995,0.38283336
2024-03-14,16975.44,25,0,0.00,0,0.39829162
2024-03-15,16979.56,25,2.1000001,2.67,5.8,0.4074584
2024-03-16,16983.6,25,2.7,4.53,4.5,0.41254166
2024-03-17,16987.63,25,0.90000004,3.02,0.90000004,0.41300002
2024-03-18,16990.97,25,6.3000007,14.71,15.3,0.4223334
2024-03-19,16994.19,27,0.4,0.00,0.5,0.41579166
2024-03-20,16997.44,26,0,0.28,0,0.41212502
2024-03-21,17000.72,25,6.0999994,11.82,11.099999,0.4168333
2024-03-22,17003.97,26,0,0.00,0,0.41875002
2024-03-23,17007.23,26,0.29999998,5.69,4.5999994,0.40687498
2024-03-24,17010.52,25,0,4.48,3.6999998,0.39554167
2024-03-25,17013.85,25,0,0.00,0,0.387
2024-03-26,17017.16,25,0,0.00,0,0.38108334
2024-03-27,17020.48,25,4.8,13.47,14.7,0.40624997
2024-03-28,17023.77,26,0,10.41,5.8,0.40429163
2024-03-29,17027.07,26,0,0.00,0,0.40675
2024-03-30,17030.44,26,0.2,0.00,0.2,0.4231666
2024-03-31,17033.83,25,0.8000001,0.00,0.8000001,0.42120835
2024-04-01,17037.22,25,8.2,10.97,13.700001,0.42287502
2024-04-02,17040.55,25,0,0.95,2.3999999,0.4074583
2024-04-03,17043.99,25,1,1.00,1.2,0.40637502
2024-04-04,17047.45,25,0,0.05,0,0.41524997
2024-04-05,17050.96,25,0.1,0.00,0.1,0.42024994
2024-04-06,17054.51,25,0,0.00,0,0.41637495
2024-04-07,17058.05,25,0,0.00,0,0.4083334
2024-04-08,17061.6,26,0,0.00,0,0.39116666
2024-04-09,17065.13,27,1.3,10.38,12.9,0.38899997
2024-04-10,17068.61,28,0,4.82,13.500001,0.3872083
2024-04-11,17072.09,27,0,0.00,0,0.3897083
2024-04-12,17075.57,27,0,0.00,0,0.38174996
2024-04-13,17079.09,27,0,0.00,0,0.35462508
2024-04-14,17082.61,27,0.2,0.00,0.2,0.34137502
2024-04-15,17086.1,26,10.6,8.07,10.6,0.34837496
2024-04-16,17089.54,25,0.5,3.08,1.8000002,0.36512497
2024-04-17,17092.98,26,0,20.65,6.299999,0.34574997
2024-04-18,17096.44,26,0,5.57,7.1999993,0.34241664
2024-04-19,17099.83,26,0,15.55,10.4,0.3405834
2024-04-20,17103.17,27,0,13.75,8.700002,0.33949986
2024-04-21,17106.53,27,0.1,22.28,7.4999995,0.33841658
2024-04-22,17109.92,27,0,4.49,5.4,0.33741665
2024-04-23,17113.28,26,0,3.37,3.7000003,0.33645833
2024-04-24,17116.64,26,0,1.33,2.4,0.33649996
2024-04-25,17120.02,26,0,0.00,0.2,0.3372916
2024-04-26,17123.43,27,0,0.00,0,0.3536667
2024-04-27,17126.79,27,0,0.00,0,0.38287497
2024-04-28,17130.14,29,0,0.00,0,0.38716665
2024-04-29,17133.78,28,0,0.00,0,0.37233332
2024-04-30,17137.7,26,0,0.00,0,0.35525003
2024-05-01,17141.64,26,0,0.00,0,0.34370828
2024-05-02,17145.48,27,0.90000004,2.48,0.90000004,0.33987507
2024-05-03,17149.31,27,14.199999,3.30,14.599999,0.38712505
2024-05-04,17153.13,27,1.8000001,0.00,1.8000001,0.37770835
2024-05-05,17156.95,27,1.7,0.00,1.7,0.35104164
2024-05-06,17160.79,27,10.4,5.01,10.4,0.34491667
2024-05-07,17164.71,28,22.999998,27.09,22.999998,0.40975
2024-05-08,17169.47,34,15,7.03,15,0.42833337
2024-05-09,17174.21,34,0,0.00,0,0.4025
2024-05-10,17178.35,30,0.5,0.00,0.5,0.38520834
2024-05-11,17182.25,27,0.4,0.00,0.4,0.37266663
2024-05-12,17186.06,26,0.1,0.05,0.1,0.3668333
2024-05-13,17189.83,26,5.7,0.42,5.7,0.37925002
2024-05-14,17193.56,26,0.3,0.00,0.3,0.3765833
2024-05-15,17197.31,26,1.9000001,0.00,1.9000001,0.3563333
2024-05-16,17201.02,26,13.5,7.95,13.5,0.37087497
2024-05-17,17204.79,26,3.6999998,3.80,3.6999998,0.39895836
2024-05-18,17208.55,26,3.1999998,4.59,3.1999998,0.38820836
2024-05-19,17212.35,26,3.3,1.93,3.3,0.36766663
2024-05-20,17216.09,26,0.5,1.47,0.5,0.36745834
2024-05-21,17219.9,26,17.1,11.34,17.1,0.39754164
2024-05-22,17223.84,27,2.1999998,0.43,2.1999998,0.40016666
2024-05-23,17227.87,28,8.400002,5.11,8.400002,0.40549996
2024-05-24,17232.07,29,3.7,13.00,3.8,0.39149997
2024-05-25,17236.31,29,12.7,3.34,12.9,0.408
2024-05-26,17240.43,29,1.1,0.00,1.1,0.39462498
2024-05-27,17244.51,28,7.7999997,41.00,7.7999997,0.39995828
2024-05-28,17251.44,42,17.6,0.72,17.6,0.42404172
2024-05-29,17256.39,33,0.4,9.67,0.4,0.3952917
2024-05-30,17260.83,30,15.799999,18.57,15.799999,0.4177917
2024-05-31,17268.26,43,20.6,26.62,34.099995,0.4333333
2024-06-01,17326.16,103,14.199998,37.52,41.600006,0.43245837
2024-06-02,17377.96,105,19.399998,16.05,19.399998,0.43200007
2024-06-03,17472.26,133,33.300003,37.81,33.300003,0.43424997
2024-06-04,17566.76,133,1.5000001,0.26,1.5000001,0.4147084
2024-06-05,17632.06,112,0.5,1.74,0.5,0.38983336
2024-06-06,17687.66,104,7.2,6.20,7.2,0.3892083
2024-06-07,17741.16,102,1.3000001,1.09,1.3000001,0.36924997
2024-06-08,17795.36,103,10.6,28.04,10.6,0.38625
2024-06-09,17862.06,112,26.199999,20.95,26.199999,0.41699997
2024-06-10,17930.86,114,8.8,5.27,8.8,0.41179165
2024-06-11,17979.06,97,7.9000006,2.49,7.9000006,0.4103333
2024-06-12,18001.56,73,6.2,0.00,6.3999996,0.41125
2024-06-13,18020.06,66,2.6999998,0.00,2.6999998,0.40283334
2024-06-14,18037.86,65,0.1,0.00,0.1,0.38208333
2024-06-15,18056.16,66,18.6,14.81,18.6,0.3882917
2024-06-16,18075.76,68,1.4000001,0.29,1.4000001,0.39387503
2024-06-17,18093.46,66,0.2,21.50,0.2,0.3705417
2024-06-18,18110.46,66,0,0.00,0,0.35004166
2024-06-19,18130.86,71,0.4,0.00,0.4,0.32700005
2024-06-20,18154.96,77,2.9999998,7.41,2.9999998,0.3160834
2024-06-21,18178.66,76,16.800001,14.95,16.800001,0.3384583
2024-06-22,18202.76,77,12.7,18.58,12.7,0.38916668
2024-06-23,18226.86,77,1.2000002,0.00,1.2000002,0.39641663
2024-06-24,18246.16,69,0.4,0.00,0.4,0.378625
2024-06-25,18258.16,55,4.2999997,0.28,4.2999997,0.37354162
2024-06-26,18275.46,65,5.5999994,10.17,5.5999994,0.3873334
2024-06-27,18290.26,60,0.70000005,7.19,0.70000005,0.3915
2024-06-28,18301.86,55,0.8,0.00,0.8,0.38195837
2024-06-29,18313.46,53,0.3,0.00,0.3,0.37366664
2024-06-30,18325.06,53,14,21.36,14,0.37858334
2024-07-01,18334.01,47,7.1,9.10,7.1,0.40704167
2024-07-02,18341.91,39,5.9,4.36,5.9,0.40429166
2024-07-03,18348.13,33,10.6,14.69,10.6,0.40175
2024-07-04,18354.84,32,1.8000001,1.01,1.8000001,0.39412498
2024-07-05,18360.4,30,0,0.00,0,0.37570837
2024-07-06,18365.94,32,9.6,12.31,9.6,0.35816666
2024-07-07,18383.14,62,18.199999,8.50,18.199999,0.42516664
2024-07-08,18400.04,55,5.099999,0.00,5.099999,0.40516663
2024-07-09,18407.63,31,0,0.00,0,0.37754166
2024-07-10,18415.24,31,4.2,20.84,4.2,0.37279174
2024-07-11,18423.1,32,2.5,2.74,2.5,0.35975
2024-07-12,18430.69,31,28.4,26.07,28.4,0.39145836
2024-07-13,18438.99,34,2.6999996,1.19,2.6999996,0.40620837
2024-07-14,18446.58,31,1.4000001,0.00,1.4000001,0.39033332
2024-07-15,18453.81,30,0,2.73,0,0.37074998
2024-07-16,18460.9,29,18,1.40,18,0.3965
2024-07-17,18467.95,29,1.8000002,0.14,1.8000002,0.39062497
2024-07-18,18474.87,29,0.2,0.00,0.2,0.37241665
2024-07-19,18481.63,28,6.4,0.00,6.4,0.35879162
2024-07-20,18488.48,28,3.4999998,1.35,3.4999998,0.39425
2024-07-21,18495.44,29,7.2999997,38.85,7.2999997,0.37199998
2024-07-22,18502.81,30,13.3,0.58,13.3,0.41591668
2024-07-23,18510.02,30,7.3999996,22.74,7.3999996,0.40166667
2024-07-24,18517.99,32,11.500006,0.00,11.500006,0.41370842
2024-07-25,18525.23,30,0,0.00,0,0.38549998
2024-07-26,18532.17,29,0.3,0.00,0.3,0.36716667
2024-07-27,18538.91,28,0.4,3.82,0.4,0.34733334
2024-07-28,18546.04,29,2.7999997,13.14,2.7999997,0.36633334
2024-07-29,18553.06,29,0.6,0.00,0.6,0.36404166
2024-07-30,18559.88,28,0.6,0.00,0.6,0.34574994
2024-07-31,18566.94,29,0,12.46,0,0.3310833
2024-08-01,18578.14,42,3.9,3.99,3.9,0.3354584
2024-08-02,18585.82,31,1.3000001,1.11,1.3000001,0.35279167
2024-08-03,18593.28,31,2.6999993,8.23,2.6999993,0.3746666
2024-08-04,18600.48,30,7.2999997,0.09,7.2999997,0.38175
2024-08-05,18606.16,29,0.2,0.00,0.2,0.367
2024-08-06,18611.81,29,0.2,0.00,0.2,0.34945834
2024-08-07,18617.41,28,8.5,0.62,8.5,0.35570833
2024-08-08,18623.09,29,0.8,0.19,0.8,0.36049998
2024-08-09,18628.77,29,0.70000005,0.00,0.70000005,0.34779167
2024-08-10,18634.43,29,0,0.00,0,0.3320833
2024-08-11,18639.95,28,0,0.00,0,0.31741667
2024-08-12,18645.32,27,6,0.72,6,0.32045832
2024-08-13,18651.62,31,0,5.29,0,0.32495835
2024-08-14,18659.1,36,0.4,14.05,0.4,0.32416663
2024-08-15,18665.97,33,0.3,0.00,0.3,0.32062507
2024-08-16,18672.02,30,1.6000001,0.17,1.6000001,0.3039584
2024-08-17,18677.87,29,17,1.36,17,0.37020835
2024-08-18,18684.19,31,27.800001,31.30,27.800001,0.39483333
2024-08-19,18693.91,43,9.400001,1.99,9.400001,0.41558334
2024-08-20,18701.14,35,4.2999997,0.05,4.2999997,0.3917917
2024-08-21,18707.36,31,3.8999996,0.00,3.8999996,0.3965
2024-08-22,18713.23,30,0,0.00,0,0.3687084
2024-08-23,18719.17,30,0,0.00,0,0.353875
2024-08-24,18725.17,30,0,5.35,0,0.3315
2024-08-25,18731.61,32,10.8,30.88,10.8,0.34325
2024-08-26,18738.3,33,0.2,0.88,0.2,0.33133337
2024-08-27,18744.58,31,0,0.00,0,0.31958333
2024-08-28,18750.7,31,0,0.00,0,0.31241664
2024-08-29,18756.71,30,0.4,0.00,0.4,0.30237493
2024-08-30,18762.61,30,0.1,0.00,0.1,0.31425002
2024-08-31,18768.45,29,0.1,0.00,0.1,0.30179164
2024-09-01,18774.18,29,2.6,0.00,2.6,0.31487504
2024-09-02,18780.36,31,0.4,12.52,0.4,0.30787504
2024-09-03,18788.08,37,0.4,4.26,0.4,0.28891665
2024-09-04,18794.88,33,0,4.74,0,0.27604163
2024-09-05,18801.44,32,4.7999997,0.00,4.7999997,0.28545833
2024-09-06,18807.54,31,4.2999997,0.00,4.2999997,0.339375
2024-09-07,18813.41,30,0,0.00,0,0.3080416
2024-09-08,18819.14,29,10,24.60,10,0.31066668
2024-09-09,18825.49,32,21.000004,14.88,21.000004,0.4030833
2024-09-10,18832.43,34,5.399999,3.41,5.399999,0.39625
2024-09-11,18838.84,32,9.8,13.60,9.8,0.38354167
2024-09-12,18845.23,32,5.2999988,9.91,14.4,0.41670832
2024-09-13,18855.23,43,0.19999993,101.97,39.1,0.40425003
2024-09-14,18880.13,75,0.3,46.09,33.599995,0.40545836
2024-09-15,18898.53,64,0.90000004,6.31,5.1000004,0.414125
2024-09-16,18922.63,73,7.7000003,47.22,22.099998,0.42258337
2024-09-17,18955.33,84,7.3,0.46,7.9,0.4324583
2024-09-18,19006.23,100,0,0.00,0,0.42479166
2024-09-19,19049.73,94,0.3,0.00,0.3,0.42320836
2024-09-20,19082.73,83,0,0.00,0,0.42195833
2024-09-21,19104.43,67,0,0.00,0,0.4109583
2024-09-22,19121.03,55,0,0.00,0,0.3900833
2024-09-23,19132.43,44,2.7,4.66,2.7,0.37904167
2024-09-24,19138.59,31,11.6,6.21,11.6,0.41304168
2024-09-25,19143.95,27,0,0.00,0,0.3945
2024-09-26,19149.07,27,13.700001,10.67,13.700001,0.39516667
2024-09-27,19154.44,28,15.999999,24.39,15.999999,0.4228333
2024-09-28,19162.16,37,8.8,19.59,13.700001,0.4230833
2024-09-29,19170.3,38,0.5,0.00,0.6,0.40487504
2024-09-30,19176.03,32,0.6,1.38,0.6,0.392375
2024-10-01,19181.61,31,3.4999998,5.38,3.4999998,0.39016673
2024-10-02,19187.12,31,5.7999983,2.75,5.7999983,0.40900004
2024-10-03,19192.44,30,4.0000005,14.41,6.4,0.4002917
2024-10-04,19197.79,30,3.8000002,8.99,17.999998,0.4127917
2024-10-05,19203.08,30,3.8999999,0.85,5.9,0.41425002
2024-10-06,19208.01,28,0,0.18,0,0.3977083
2024-10-07,19212.48,26,0,0.00,0,0.38379166
2024-10-08,19216.79,26,11.9,17.64,11.9,0.38858333
2024-10-09,19221.88,29,5,0.15,5,0.41520834
2024-10-10,19229.85,38,18.800003,23.22,18.800003,0.41799998
2024-10-11,19238.08,41,2.6,1.49,2.8999999,0.405625
2024-10-12,19243.6,31,0.6,2.77,0.6,0.39241672
2024-10-13,19248.58,29,3.1999998,3.48,3.1999998,0.39750004
2024-10-14,19253.13,27,0,0.30,0,0.38349998
2024-10-15,19257.39,26,6.9,0.00,6.9,0.38658333
2024-10-16,19261.52,25,1.7,0.00,1.7,0.399375
2024-10-17,19265.56,25,0,0.00,0,0.38712493
2024-10-18,19269.47,24,2.5,0.95,2.5,0.38558328
2024-10-19,19273.3,24,0.3,0.00,0.3,0.38075003
2024-10-20,19276.99,23,0,0.00,0,0.374125
2024-10-21,19280.81,24,0,0.00,0,0.371375
2024-10-22,19284.72,24,1.8000001,3.92,1.8000001,0.3705
2024-10-23,19288.67,24,6.5000005,4.49,6.5000005,0.38562497
2024-10-24,19292.58,24,0,0.00,0,0.39587498
2024-10-25,19296.41,24,0,0.00,0,0.38337502
2024-10-26,19300.16,23,0,0.00,0,0.36483333
2024-10-27,19303.85,23,0,0.00,0,0.34954166
2024-10-28,19307.76,24,0,0.00,0,0.34525004
2024-10-29,19311.87,25,0.2,0.00,0.2,0.3457916
2024-10-30,19315.9,25,0,0.00,0,0.34158337
2024-10-31,19319.89,24,0,0.00,0,0.33887497
2024-11-01,19323.84,24,0,0.00,0,0.336625
2024-11-02,19327.78,24,0,0.00,0,0.33141664
2024-11-03,19331.71,24,0,0.00,0,0.32912505
2024-11-04,19335.62,24,0,0.00,0,0.32691658
2024-11-05,19339.53,24,0,0.00,0,0.32387504
2024-11-06,19343.44,24,0,0.00,0,0.32066676
2024-11-07,19347.35,24,0,0.00,0,0.31575
2024-11-08,19351.26,24,0,0.00,0,0.3191251
2024-11-09,19355.17,24,0,0.00,0,0.3189166
2024-11-10,19359.08,24,0,0.00,0,0.31633335
2024-11-11,19362.99,24,0,0.00,0,0.31624997
2024-11-12,19366.9,24,0,0.00,0,0.3310417
2024-11-13,19370.81,24,0,2.01,2.3,0.33391675
2024-11-14,19374.72,24,0,0.00,0.1,0.3333751
2024-11-15,19378.62,24,0,0.00,0,0.3339584
2024-11-16,19382.4,23,0,0.00,0,0.33400008
2024-11-17,19386.11,23,0.1,1.79,0.2,0.3329999
2024-11-18,19389.8,23,0,0.00,2.8,0.3327917
2024-11-19,19393.49,23,0,13.06,0.1,0.3334168
2024-11-20,19397.31,24,0.9,5.05,13.300001,0.33691671
2024-11-21,19401,23,0,1.40,3.5,0.33400008
2024-11-22,19404.69,23,0,1.51,5.9999995,0.33400008
2024-11-23,19408.38,23,0,0.00,1.9000001,0.33383343
2024-11-24,19412.07,23,0,0.00,0,0.33300006
2024-11-25,19415.76,23,0,2.92,0,0.33300006
2024-11-26,19419.45,23,0.7,0.97,1.5,0.33908334
2024-11-27,19423.14,23,0,0.07,0,0.34270832
2024-11-28,19426.89,24,0.49999997,11.97,5.7000003,0.34008333
2024-11-29,19430.67,24,0,0.00,0,0.3384999
2024-11-30,19434.3,23,0,0.00,0,0.33741665
2024-12-01,19437.93,23,0,0.00,0,0.33699992
2024-12-02,19441.56,23,0,5.88,0,0.336125
2024-12-03,19445.19,23,0.39999992,2.54,9.999999,0.336
2024-12-04,19448.82,23,0.3,3.45,4.9999995,0.335875
2024-12-05,19452.45,23,0,0.71,0.6,0.335
2024-12-06,19456.14,23,0.10000014,6.15,11.099999,0.335
2024-12-07,19459.85,23,0.099999994,2.93,1.9,0.33441672
2024-12-08,19463.48,23,0,9.29,9.900001,0.33400008
2024-12-09,19467.11,23,0.1,1.17,2.1,0.33304173
2024-12-10,19470.74,23,0,0.00,0,0.33300006
2024-12-11,19474.36,23,0,0.00,0,0.33245823
2024-12-12,19477.94,23,0,0.00,0,0.3319999
2024-12-13,19481.42,22,0,0.00,0,0.3312083
2024-12-14,19484.84,22,0,3.67,1.6000001,0.3308333
2024-12-15,19488.28,22,0,1.12,1.5000001,0.32999995
2024-12-16,19491.72,22,0.1,0.00,0.2,0.32962498
2024-12-17,19495.31,23,0,0.00,0,0.329
2024-12-18,19498.85,23,0,0.00,0,0.32862502
2024-12-19,19502.46,23,0,15.88,6.4,0.32800004
2024-12-20,19506.12,23,0,3.13,7.2000003,0.3273334
2024-12-21,19509.75,23,0,3.81,0.1,0.32700005
2024-12-22,19513.38,23,0,12.01,11,0.32620844
2024-12-23,19516.91,22,0.20000002,9.51,5.2000003,0.3260001
2024-12-24,19520.33,22,0.099999994,0.37,7.6000004,0.32516658
2024-12-25,19523.62,21,0,0.00,0,0.32499993
2024-12-26,19526.84,21,0,0.00,0,0.32462496
2024-12-27,19530.06,21,0,0.00,0,0.3239999
2024-12-28,19533.28,21,0,0.00,0,0.32349995
2024-12-29,19536.5,21,0,0.00,0,0.32299998
2024-12-30,19539.72,21,0,0.00,0,0.3225
2024-12-31,19543.02,21,0,0.00,0,0.322
2025-01-01,19546.33,21,0,0.00,0,0.32150003
2025-01-02,19549.62,21,0,12.27,7,0.32100007
2025-01-03,19552.86,21,0,0.07,2.6999996,0.3206251
2025-01-04,19556.08,21,0,4.58,0,0.32000005
2025-01-05,19559.28,20,0,0.50,6.2000003,0.32000005
2025-01-06,19562.55,21,0,3.78,0,0.3195001
2025-01-07,19566.02,22,0,2.11,9.400001,0.31900012
2025-01-08,19569.4,22,0,0.80,0.90000004,0.31900012
2025-01-09,19572.72,21,0,6.40,4.7999997,0.31837493
2025-01-10,19576.14,22,0,0.00,0.6,0.31799993
2025-01-11,19579.43,21,0,0.00,0,0.31741664
2025-01-12,19582.65,21,0,0.00,0,0.31699994
2025-01-13,19585.81,21,0,0.00,0,0.31674996
2025-01-14,19588.87,20,0,0.00,0,0.316
2025-01-15,19591.91,20,0.5,0.32,1.9000003,0.316
2025-01-16,19594.96,20,0,0.00,0,0.316
2025-01-17,19597.99,20,0,0.00,0,0.31558338
2025-01-18,19601.01,20,0,0.00,0,0.31500003
2025-01-19,19604.03,20,0,0.00,0,0.31500003
2025-01-20,19607.05,20,0,0.00,0.1,0.31437507
2025-01-21,19610.07,20,0,0.00,0,0.3140001
2025-01-22,19613.09,20,0,0.00,0,0.3140001
2025-01-23,19616.11,20,0,2.13,0.70000005,0.3135418
2025-01-24,19619.24,21,0,0.00,0,0.31300008
2025-01-25,19622.46,21,0,0.00,0,0.31300008
2025-01-26,19625.68,21,0.19999996,3.43,6.7,0.3122916
2025-01-27,19628.9,21,0.19999999,0.30,0.5,0.31199992
2025-01-28,19632.38,22,1.3000002,29.04,16.7,0.31183326
2025-01-29,19636.1,23,0,0.00,0,0.3109999
2025-01-30,19639.7,22,0,0.25,0,0.3109999
2025-01-31,19643.21,22,0.099999994,0.57,1.7,0.3106666
2025-02-01,19646.68,22,0,0.00,0,0.31133327
2025-02-02,19650.02,21,0,0.00,0,0.3109999
2025-02-03,19653.34,21,0,0.00,0,0.31058326
2025-02-04,19656.65,21,0,0.00,0,0.30999997
2025-02-05,19659.96,21,0,0.00,0,0.309625
2025-02-06,19663.27,21,0,0.00,0,0.309
2025-02-07,19666.58,21,0,0.00,0,0.309
2025-02-08,19669.89,21,0,0.00,0,0.309
2025-02-09,19673.2,21,0,0.00,0,0.30837503
2025-02-10,19676.51,21,0,0.00,0.3,0.30875
2025-02-11,19679.82,21,0,1.65,0.8000001,0.31408337
2025-02-12,19683.13,21,0.20000002,0.63,1.6000001,0.328
2025-02-13,19686.43,21,0,5.84,6,0.3378333
2025-02-14,19689.74,21,0,5.11,3.6999996,0.33162495
2025-02-15,19693.05,21,0,0.00,0,0.3274584
2025-02-16,19696.36,21,0,0.26,1.0000001,0.32441664
2025-02-17,19699.67,21,0,0.00,0.5,0.32195836
2025-02-18,19702.98,21,0,0.00,0,0.32012507
2025-02-19,19706.29,21,0,0.00,0,0.31854162
2025-02-20,19709.6,21,0,0.00,0,0.3172916
2025-02-21,19712.91,21,0,0.00,0,0.33366665
2025-02-22,19716.22,21,0,0.00,0,0.359
2025-02-23,19719.53,21,0.5,0.47,0.90000004,0.37641665
2025-02-24,19722.75,21,0.19999999,0.00,0.6,0.39183334
2025-02-25,19725.82,20,0.9,3.26,2.6,0.39674997
2025-02-26,19728.87,20,0.20000005,1.82,8.200002,0.38549995
2025-02-27,19731.9,20,0,1.13,1.7,0.3734167
2025-02-28,19734.92,20,0,0.12,0.4,0.36675
2025-03-01,19738,20,0,0.00,0,0.36150002
2025-03-02,19741.11,20,0,0.00,0,0.3573333
2025-03-03,19744.22,20,0,0.00,0,0.35795832
2025-03-04,19747.33,20,0,0.00,0,0.36833334
2025-03-05,19750.41,20,0,0.00,0,0.38354167
2025-03-06,19753.48,20,0,0.00,0,0.39433333
2025-03-07,19756.54,20,0,0.00,0,0.3980833
2025-03-08,19759.53,19,0,0.00,0,0.4005833
2025-03-09,19762.47,19,0,0.00,0,0.403
2025-03-10,19765.42,19,1.3000001,1.44,2.1,0.40200004
2025-03-11,19768.44,20,0.1,0.00,0.4,0.39020836
2025-03-12,19771.45,19,1.3000001,6.57,4.3,0.38091668
2025-03-13,19774.55,20,0,11.24,14.500002,0.37675
2025-03-14,19777.57,20,0.3,1.35,5.6999993,0.37004164
2025-03-15,19780.64,20,0,1.61,5.7000003,0.36695835
2025-03-16,19783.74,20,0,3.62,3.2999997,0.36620834
2025-03-17,19786.85,20,0.1,0.12,1.1000001,0.36104175
2025-03-18,19789.96,20,0,0.00,0,0.35512507
2025-03-19,19793.07,20,0,0.00,0,0.34645835
2025-03-20,19796.17,20,0,0.00,0,0.3358333
2025-03-21,19799.26,20,0,0.00,0,0.33099994
2025-03-22,19802.35,20,0,0.00,0,0.3322083
2025-03-23,19805.38,20,0.4,0.20,0.4,0.32850003
2025-03-24,19808.32,19,1.2,0.22,1.6000001,0.35358334
2025-03-25,19811.27,19,1.6,5.70,3.1999998,0.36962497
2025-03-26,19814.15,20,2.0000002,4.57,5,0.3741667
2025-03-27,19817.07,20,0,0.48,0.1,0.36470833
2025-03-28,19819.96,20,1,6.99,2.7,0.3401667
2025-03-29,19822.88,20,0.19999999,22.54,16.199999,0.34062502
2025-03-30,19826.3,22,0.29999998,6.42,4.1000004,0.35687503
2025-03-31,19829.63,22,0,20.10,24.9,0.359625